name,steamid,team
Pimiento Picante,76561199643239709,team_reZilienZ
KurtKnusper,76561199028151244,opponents_team
Kolle257,76561198175180459,opponents_team
Valerius,76561199127458988,opponents_team
Tokugawa,76561199766385308,opponents_team
Dr_Risto,76561198870364933,team_reZilienZ
TheDidacte,76561198059502594,team_reZilienZ
Baron26,76561198988987546,team_reZilienZ
NedsTrex | FRUKTPEEK!,76561199272285495,opponents_team
anonymeTito,76561198812311227,team_reZilienZ
