match_id,steamid,name,start_side,kills,deaths
match001,76561199028151244,KurtKnusper,CT,0,2
match001,76561198175180459,Kolle257,CT,3,2
match001,76561199127458988,Valerius,CT,1,2
match001,76561199766385308,Tokugawa,CT,1,2
match001,76561198812311227,anonymeTito,T,0,2
match001,76561198059502594,TheDidacte,T,4,1
match001,76561198988987546,Baron26,T,3,0
match001,76561199272285495,NedsTrex | FRUKTPEEK!,CT,2,2
match001,76561198870364933,Dr_Risto,T,1,2
match001,76561199643239709,Pimiento Picante,T,2,2
